{"proxies":{"ti.mediacontrol.TiMediacontrolModule":{"superPackageName":"org.appcelerator.kroll","dynamicProperties":{"text":{"set":true,"nativeConverter":"org.appcelerator.kroll.KrollConverter","setMethodName":"setText","setMethodArgs":[{"converter":"org.appcelerator.kroll.KrollConverter","defaultValueProvider":"org.appcelerator.kroll.KrollConverter","name":"value","sourceName":"value","type":"java.lang.String"}],"setDefaultProviders":["org.appcelerator.kroll.KrollConverter"],"converter":"org.appcelerator.kroll.KrollConverter","defaultValueProvider":"org.appcelerator.kroll.KrollConverter","retain":true,"javascriptConverter":"org.appcelerator.kroll.KrollConverter","getHasInvocation":false,"runOnUiThread":false,"setReturnType":"void","get":false,"name":"text","setHasInvocation":false},"title":{"set":true,"nativeConverter":"org.appcelerator.kroll.KrollConverter","setMethodName":"setTitle","setMethodArgs":[{"converter":"org.appcelerator.kroll.KrollConverter","defaultValueProvider":"org.appcelerator.kroll.KrollConverter","name":"value","sourceName":"value","type":"java.lang.String"}],"setDefaultProviders":["org.appcelerator.kroll.KrollConverter"],"converter":"org.appcelerator.kroll.KrollConverter","defaultValueProvider":"org.appcelerator.kroll.KrollConverter","retain":true,"javascriptConverter":"org.appcelerator.kroll.KrollConverter","getHasInvocation":false,"runOnUiThread":false,"setReturnType":"void","get":false,"name":"title","setHasInvocation":false}},"methods":{"updateInfo":{"runOnUiThread":false,"hasInvocation":false,"args":[{"converter":"org.appcelerator.kroll.KrollConverter","defaultValueProvider":"org.appcelerator.kroll.KrollConverter","name":"options","sourceName":"options","type":"org.appcelerator.kroll.KrollDict"}],"apiName":"updateInfo","converter":"org.appcelerator.kroll.KrollConverter","defaultValueProvider":"org.appcelerator.kroll.KrollConverter","name":"__default_name__","returnType":"void"},"showNotification":{"runOnUiThread":false,"hasInvocation":false,"args":[{"converter":"org.appcelerator.kroll.KrollConverter","defaultValueProvider":"org.appcelerator.kroll.KrollConverter","name":"options","sourceName":"options","type":"org.appcelerator.kroll.KrollDict"}],"apiName":"showNotification","converter":"org.appcelerator.kroll.KrollConverter","defaultValueProvider":"org.appcelerator.kroll.KrollConverter","name":"__default_name__","returnType":"void"}},"superProxyClassName":"KrollModule","isModule":true,"genClassName":"TiMediacontrolModuleBindingGen","superProxyBindingClassName":"org.appcelerator.kroll.KrollModuleBindingGen","proxyClassName":"TiMediacontrolModule","proxyAttrs":{"propertyAccessors":[],"fullAPIName":"TiMediacontrol","name":"TiMediacontrol","proxyClassName":"ti.mediacontrol.TiMediacontrolModule","isTopLevel":false,"id":"ti.mediacontrol"},"packageName":"ti.mediacontrol","sourceName":"ti.mediacontrol.TiMediacontrolModuleBindingGen","constants":{"PAUSE":{"proxyName":"PAUSE","name":"PAUSE","type":"int","value":0},"PLAY":{"proxyName":"PLAY","name":"PLAY","type":"int","value":1}},"isTitaniumSdk":false,"onAppCreate":"onAppCreate"}},"modules":{"ti.mediacontrol.TiMediacontrolModule":{"apiName":"TiMediacontrol"}}}