{"proxies":{"ti.mediacontrol.TiMediacontrolModule":{"superPackageName":"org.appcelerator.kroll","methods":{"showNotification":{"runOnUiThread":false,"hasInvocation":false,"args":[{"converter":"org.appcelerator.kroll.KrollConverter","defaultValueProvider":"org.appcelerator.kroll.KrollConverter","name":"options","sourceName":"options","type":"org.appcelerator.kroll.KrollDict"}],"apiName":"showNotification","converter":"org.appcelerator.kroll.KrollConverter","defaultValueProvider":"org.appcelerator.kroll.KrollConverter","name":"__default_name__","returnType":"void"}},"superProxyClassName":"KrollModule","isModule":true,"genClassName":"TiMediacontrolModuleBindingGen","superProxyBindingClassName":"org.appcelerator.kroll.KrollModuleBindingGen","proxyClassName":"TiMediacontrolModule","proxyAttrs":{"propertyAccessors":[],"fullAPIName":"TiMediacontrol","name":"TiMediacontrol","proxyClassName":"ti.mediacontrol.TiMediacontrolModule","isTopLevel":false,"id":"ti.mediacontrol"},"packageName":"ti.mediacontrol","sourceName":"ti.mediacontrol.TiMediacontrolModuleBindingGen","constants":{"PAUSED":{"proxyName":"PAUSED","name":"PAUSED","type":"int","value":0},"PLAYING":{"proxyName":"PLAYING","name":"PLAYING","type":"int","value":1}},"isTitaniumSdk":false,"onAppCreate":"onAppCreate"}},"modules":{"ti.mediacontrol.TiMediacontrolModule":{"apiName":"TiMediacontrol"}}}