{"proxies":{"ti.mediacontrol.TiMediacontrolModule":{"superPackageName":"org.appcelerator.kroll","methods":{"showNotification":{"runOnUiThread":false,"hasInvocation":false,"args":[],"apiName":"showNotification","converter":"org.appcelerator.kroll.KrollConverter","defaultValueProvider":"org.appcelerator.kroll.KrollConverter","name":"__default_name__","returnType":"void"}},"superProxyBindingClassName":"org.appcelerator.kroll.KrollModuleBindingGen","proxyClassName":"TiMediacontrolModule","proxyAttrs":{"propertyAccessors":[],"fullAPIName":"TiMediacontrol","name":"TiMediacontrol","proxyClassName":"ti.mediacontrol.TiMediacontrolModule","isTopLevel":false,"id":"ti.mediacontrol"},"packageName":"ti.mediacontrol","sourceName":"ti.mediacontrol.TiMediacontrolModuleBindingGen","isTitaniumSdk":false,"superProxyClassName":"KrollModule","isModule":true,"genClassName":"TiMediacontrolModuleBindingGen","onAppCreate":"onAppCreate"}},"modules":{"ti.mediacontrol.TiMediacontrolModule":{"apiName":"TiMediacontrol"}}}