<?xml version="1.0" encoding="UTF-8"?>
<ti:module xmlns:ti="http://ti.appcelerator.org" xmlns:android="http://schemas.android.com/apk/res/android">
	<!-- Similar to tiapp.xml, but contains module/platform specific configuration in <iphone> and <android> sections -->
	<android xmlns:android="http://schemas.android.com/apk/res/android">
		<manifest>
			<uses-permission android:name="android.permission.FOREGROUND_SERVICE"/>
			<application>

				<receiver android:name=".MyMediaReceiver" android:exported="true">
					<intent-filter>
						<action android:name="android.intent.action.MEDIA_BUTTON"/>
					</intent-filter>
				</receiver>

				<service android:name=".MyService" android:exported="true">
					<intent-filter>
						<action android:name="android.intent.action.MEDIA_BUTTON"/>
						<action android:name="android.media.AUDIO_BECOMING_NOISY"/>
						<action android:name="android.media.browse.MediaBrowserService"/>
					</intent-filter>
				</service>
			</application>
		</manifest>
	</android>
</ti:module>
